apache/incubator-uniffle,6fb2a9a63132ab9abbde2f1f9240f9caf2f5d0f0,common,org.apache.uniffle.common.rpc.GrpcServerTest#testGrpcExecutorPool
feroult/yawp,b3bcf9c958d51b3b3f8fdd0ccc26923d5a531da1,yawp-testing/yawp-testing-appengine,io.yawp.testing.appengine.pipes.flow.FlowDropsTest#testFlowDropsToSameSink
flaxsearch/luwak,c27ec08c803db6ca6be1b6e8017f45667e603161,luwak,uk.co.flax.luwak.matchers.TestPartitionMatcher#testParallelSlowLog
fluent/fluent-logger-java,2e5fdf2dbed59cc5af88442ceae6cbe72f321060,.,org.fluentd.logger.TestFluentLogger#testInMultiThreading
javadelight/delight-nashorn-sandbox,da35edc0a75424bad8cbf60959fae253202154c4,.,delight.nashornsandbox.TestGetFunction#test
kagkarlsson/db-scheduler,4a8a28e60640dcd03e8d3bf212f483d35b0b6310,.,com.github.kagkarlsson.scheduler.compatibility.HsqlCompatibilityTest#test_compatibility
nlighten/tomcat_exporter,bc6a2d2,client,nl.nlighten.prometheus.tomcat.TomcatServletMetricsFilterTest#testServletRequestMetrics
qos-ch/logback,0f57531977287fd3d8c9046e9f68e281715f3b10,logback-classic,ch.qos.logback.classic.net.SMTPAppender_GreenTest#testCustomBufferSize
undertow-io/undertow,d0efffad5d2034bb07525cac9b299dac72c3045d,websockets-jsr,io.undertow.websockets.jsr.test.JsrWebSocketServer07Test#testErrorHandling
apache/httpcore,49247d208bde47f652812493e1d3576e136b8eb8,httpcore-nio,org.apache.http.nio.protocol.TestAsyncNHttpHandlers#testNoServiceHandler
vmware/admiral,e4b02936cc7d4ff2714e7231db0c4373ba5d48a2,adapter/registry,com.vmware.admiral.adapter.registry.service.RegistryAdapterServiceTest#testDockerHubListImageTags
