#apache/incubator-uniffle,a2b9c17b,common,org.apache.uniffle.common.rpc.GrpcServerTest#testGrpcExecutorPool
#Accenture/mercury,8586dc79f8bf75a929896f0aac03fe95824d9578,system/platform-core,org.platformlambda.core.MulticastTest#routingTest
#Alluxio/alluxio,78c063ae181279d81cbc0808a684864a8c8b311c,.,tachyon.DataServerTest#readTest
#Alluxio/alluxio,78c063ae181279d81cbc0808a684864a8c8b311c,.,tachyon.WorkerServiceHandlerTest#evictionTest
#Alluxio/alluxio,78c063ae181279d81cbc0808a684864a8c8b311c,.,tachyon.client.TachyonFSTest#deleteFileTest
#Alluxio/alluxio,78c063ae181279d81cbc0808a684864a8c8b311c,.,tachyon.client.TachyonFSTest#lockBlockTest1
#Alluxio/alluxio,78c063ae181279d81cbc0808a684864a8c8b311c,.,tachyon.client.TachyonFSTest#unlockBlockTest1
#Alluxio/alluxio,78c063ae181279d81cbc0808a684864a8c8b311c,.,tachyon.client.TachyonFSTest#unlockBlockTest3
#apache/dubbo,737f7a7ea67832d7f17517326fb2491d0a086dd7,dubbo-remoting/dubbo-remoting-netty,org.apache.dubbo.remoting.exchange.support.header.HeartbeatHandlerTest#testHeartbeat
#apache/dubbo,737f7a7ea67832d7f17517326fb2491d0a086dd7,dubbo-rpc/dubbo-rpc-dubbo,org.apache.dubbo.rpc.protocol.dubbo.DubboProtocolTest#testDemoProtocol
#apache/dubbo,737f7a7ea67832d7f17517326fb2491d0a086dd7,dubbo-rpc/dubbo-rpc-dubbo,org.apache.dubbo.rpc.protocol.dubbo.DubboProtocolTest#testNonSerializedParameter
davidmoten/rxjava2-extras,7663d3b19295f12c35f80594efa1e507e98650b1,.,com.github.davidmoten.rx2.FlowablesTest#testCache
#davidmoten/rxjava2-extras,7663d3b19295f12c35f80594efa1e507e98650b1,.,com.github.davidmoten.rx2.flowable.TransformersTest#testBufferMaxCountAndTimeoutAsyncCountWins
#elasticjob/elastic-job-lite,9afe466837e9e0751a8cd3898bca80d60548f0d1,elasticjob-infra/elasticjob-infra-common,org.apache.shardingsphere.elasticjob.infra.concurrent.ElasticJobExecutorServiceTest#assertCreateExecutorService
#feroult/yawp,b3bcf9c958d51b3b3f8fdd0ccc26923d5a531da1,yawp-testing/yawp-testing-appengine,io.yawp.testing.appengine.pipes.flow.FlowDropsTest#testFlowDropsToSameSink
#flaxsearch/luwak,c27ec08c803db6ca6be1b6e8017f45667e603161,luwak,uk.co.flax.luwak.matchers.TestPartitionMatcher#testParallelSlowLog
#nlighten/tomcat_exporter,bc6a2d2,client,nl.nlighten.prometheus.tomcat.TomcatServletMetricsFilterTest#testServletRequestMetrics
